district,candidate,party,votes_received
Colombo,AKMEEMANA DAYARATHANA THERO,IND1,10
Colombo,ABUBAKAR MOHAMED INFAS,DUA,1
Colombo,SIRIPALA AMARASINGHE,IND2,3
Colombo,K.K. PIYADASA,IND4,11
Colombo,SARATH KEERTHIRATHNA,IND5,2
Colombo,K.A. KULARATNA,IND6,2
Colombo,K.R. KRISHAN,APP,1
Colombo,PALLIMULLA KAPUGAMAGE ANURA SIDNEY JAYARATHNA,IND7,0
Colombo,DILITH JAYAWEERA,SLCP,552
Colombo,SIRITUNGA JAYASURIYA,USP,4
Colombo,MYLVAGANAM THILAKARAJAH,IND8,2
Colombo,AGAMPODI PRASANGA SURANJEEWA ANOJ DE SILVA,DUNF,51
Colombo,LALITH DE SILVA,UNFF,5
Colombo,AJANTHA DE ZOYSA,RJA,5
Colombo,ANURA KUMARA DISSANAYAKE,NPP,20864
Colombo,MAHINDA DEWAGE,SLSP,1
Colombo,ARIYANETHIRAN PAKKIYASELVAM,IND9,63
Colombo,VICTOR PERERA,IND10,0
Colombo,ANURUDDHA POLGAMPALA,IND11,3
Colombo,SAJITH PREMADASA,SJB,4080
Colombo,SARATH FONSEKA,IND12,63
Colombo,DISSANAYAKA MUDIYANSELAGE BANDARANAYAKE,IND13,12
Colombo,SARATH BANDARANAYAKE,NDF,3
Colombo,BATHTHARAMULLE SEELARATHANA THERO,JSP,28
Colombo,NUWAN BOPEGE,SPF,46
Colombo,SARATH MANAMENDRA,NSU,4
Colombo,PEMASIRI MANAGE,IND14,2
Colombo,ANURUDDHA ROSHAN RANASINGHE,IND15,16
Colombo,JANAKA RATNAYAKE,ELPP,3
Colombo,NAMAL RAJAPAKSHA,SBP,32
Colombo,NAMAL RAJAPAKSA,SLPP,561
Colombo,WIJEYADASA RAJAPAKSHE,JPF,73
Colombo,A.S.P. LIYANAGE,SLLP,2
Colombo,KEERTHIE WICKRAMARATNE,AJP,15
Colombo,PRIYANTHA WICKRAMASINGHE,NSSP,17
Colombo,RANIL WICKREMESINGHE,IND16,7645
Colombo,PANI WIJESIRIWARDENA,SEP,5
Colombo,OSHALA HERATH,NIF,3
Gampaha,AKMEEMANA DAYARATHANA THERO,IND1,21
Gampaha,ABUBAKAR MOHAMED INFAS,DUA,1
Gampaha,SIRIPALA AMARASINGHE,IND2,9
Gampaha,K.K. PIYADASA,IND4,17
Gampaha,SARATH KEERTHIRATHNA,IND5,5
Gampaha,K.A. KULARATNA,IND6,0
Gampaha,K.R. KRISHAN,APP,4
Gampaha,PALLIMULLA KAPUGAMAGE ANURA SIDNEY JAYARATHNA,IND7,0
Gampaha,DILITH JAYAWEERA,SLCP,441
Gampaha,SIRITUNGA JAYASURIYA,USP,4
Gampaha,MYLVAGANAM THILAKARAJAH,IND8,3
Gampaha,AGAMPODI PRASANGA SURANJEEWA ANOJ DE SILVA,DUNF,57
Gampaha,LALITH DE SILVA,UNFF,3
Gampaha,AJANTHA DE ZOYSA,RJA,12
Gampaha,ANURA KUMARA DISSANAYAKE,NPP,33226
Gampaha,MAHINDA DEWAGE,SLSP,6
Gampaha,ARIYANETHIRAN PAKKIYASELVAM,IND9,9
Gampaha,VICTOR PERERA,IND10,2
Gampaha,ANURUDDHA POLGAMPALA,IND11,8
Gampaha,SAJITH PREMADASA,SJB,6383
Gampaha,SARATH FONSEKA,IND12,64
Gampaha,DISSANAYAKA MUDIYANSELAGE BANDARANAYAKE,IND13,23
Gampaha,SARATH BANDARANAYAKE,NDF,3
Gampaha,BATHTHARAMULLE SEELARATHANA THERO,JSP,25
Gampaha,NUWAN BOPEGE,SPF,63
Gampaha,SARATH MANAMENDRA,NSU,2
Gampaha,PEMASIRI MANAGE,IND14,0
Gampaha,ANURUDDHA ROSHAN RANASINGHE,IND15,6
Gampaha,JANAKA RATNAYAKE,ELPP,4
Gampaha,NAMAL RAJAPAKSHA,SBP,59
Gampaha,NAMAL RAJAPAKSA,SLPP,943
Gampaha,WIJEYADASA RAJAPAKSHE,JPF,40
Gampaha,A.S.P. LIYANAGE,SLLP,1
Gampaha,KEERTHIE WICKRAMARATNE,AJP,11
Gampaha,PRIYANTHA WICKRAMASINGHE,NSSP,8
Gampaha,RANIL WICKREMESINGHE,IND16,9116
Gampaha,PANI WIJESIRIWARDENA,SEP,5
Gampaha,OSHALA HERATH,NIF,5
Kalutara,AKMEEMANA DAYARATHANA THERO,IND1,18
Kalutara,ABUBAKAR MOHAMED INFAS,DUA,5
Kalutara,SIRIPALA AMARASINGHE,IND2,5
Kalutara,K.K. PIYADASA,IND4,18
Kalutara,SARATH KEERTHIRATHNA,IND5,7
Kalutara,K.A. KULARATNA,IND6,1
Kalutara,K.R. KRISHAN,APP,2
Kalutara,PALLIMULLA KAPUGAMAGE ANURA SIDNEY JAYARATHNA,IND7,2
Kalutara,DILITH JAYAWEERA,SLCP,390
Kalutara,SIRITUNGA JAYASURIYA,USP,3
Kalutara,MYLVAGANAM THILAKARAJAH,IND8,3
Kalutara,AGAMPODI PRASANGA SURANJEEWA ANOJ DE SILVA,DUNF,30
Kalutara,LALITH DE SILVA,UNFF,7
Kalutara,AJANTHA DE ZOYSA,RJA,10
Kalutara,ANURA KUMARA DISSANAYAKE,NPP,21589
Kalutara,MAHINDA DEWAGE,SLSP,7
Kalutara,ARIYANETHIRAN PAKKIYASELVAM,IND9,4
Kalutara,VICTOR PERERA,IND10,3
Kalutara,ANURUDDHA POLGAMPALA,IND11,6
Kalutara,SAJITH PREMADASA,SJB,5465
Kalutara,SARATH FONSEKA,IND12,53
Kalutara,DISSANAYAKA MUDIYANSELAGE BANDARANAYAKE,IND13,29
Kalutara,SARATH BANDARANAYAKE,NDF,1
Kalutara,BATHTHARAMULLE SEELARATHANA THERO,JSP,12
Kalutara,NUWAN BOPEGE,SPF,43
Kalutara,SARATH MANAMENDRA,NSU,2
Kalutara,PEMASIRI MANAGE,IND14,1
Kalutara,ANURUDDHA ROSHAN RANASINGHE,IND15,14
Kalutara,JANAKA RATNAYAKE,ELPP,10
Kalutara,NAMAL RAJAPAKSHA,SBP,30
Kalutara,NAMAL RAJAPAKSA,SLPP,663
Kalutara,WIJEYADASA RAJAPAKSHE,JPF,37
Kalutara,A.S.P. LIYANAGE,SLLP,2
Kalutara,KEERTHIE WICKRAMARATNE,AJP,7
Kalutara,PRIYANTHA WICKRAMASINGHE,NSSP,13
Kalutara,RANIL WICKREMESINGHE,IND16,7456
Kalutara,PANI WIJESIRIWARDENA,SEP,5
Kalutara,OSHALA HERATH,NIF,6
Mahanuwara,AKMEEMANA DAYARATHANA THERO,IND1,17
Mahanuwara,ABUBAKAR MOHAMED INFAS,DUA,4
Mahanuwara,SIRIPALA AMARASINGHE,IND2,8
Mahanuwara,K.K. PIYADASA,IND4,30
Mahanuwara,SARATH KEERTHIRATHNA,IND5,4
Mahanuwara,K.A. KULARATNA,IND6,10
Mahanuwara,K.R. KRISHAN,APP,4
Mahanuwara,PALLIMULLA KAPUGAMAGE ANURA SIDNEY JAYARATHNA,IND7,1
Mahanuwara,DILITH JAYAWEERA,SLCP,426
Mahanuwara,SIRITUNGA JAYASURIYA,USP,5
Mahanuwara,MYLVAGANAM THILAKARAJAH,IND8,0
Mahanuwara,AGAMPODI PRASANGA SURANJEEWA ANOJ DE SILVA,DUNF,80
Mahanuwara,LALITH DE SILVA,UNFF,7
Mahanuwara,AJANTHA DE ZOYSA,RJA,9
Mahanuwara,ANURA KUMARA DISSANAYAKE,NPP,32295
Mahanuwara,MAHINDA DEWAGE,SLSP,10
Mahanuwara,ARIYANETHIRAN PAKKIYASELVAM,IND9,10
Mahanuwara,VICTOR PERERA,IND10,7
Mahanuwara,ANURUDDHA POLGAMPALA,IND11,12
Mahanuwara,SAJITH PREMADASA,SJB,9134
Mahanuwara,SARATH FONSEKA,IND12,50
Mahanuwara,DISSANAYAKA MUDIYANSELAGE BANDARANAYAKE,IND13,32
Mahanuwara,SARATH BANDARANAYAKE,NDF,5
Mahanuwara,BATHTHARAMULLE SEELARATHANA THERO,JSP,24
Mahanuwara,NUWAN BOPEGE,SPF,48
Mahanuwara,SARATH MANAMENDRA,NSU,1
Mahanuwara,PEMASIRI MANAGE,IND14,2
Mahanuwara,ANURUDDHA ROSHAN RANASINGHE,IND15,17
Mahanuwara,JANAKA RATNAYAKE,ELPP,7
Mahanuwara,NAMAL RAJAPAKSHA,SBP,44
Mahanuwara,NAMAL RAJAPAKSA,SLPP,702
Mahanuwara,WIJEYADASA RAJAPAKSHE,JPF,26
Mahanuwara,A.S.P. LIYANAGE,SLLP,1
Mahanuwara,KEERTHIE WICKRAMARATNE,AJP,11
Mahanuwara,PRIYANTHA WICKRAMASINGHE,NSSP,15
Mahanuwara,RANIL WICKREMESINGHE,IND16,10635
Mahanuwara,PANI WIJESIRIWARDENA,SEP,3
Mahanuwara,OSHALA HERATH,NIF,4
Matale,AKMEEMANA DAYARATHANA THERO,IND1,9
Matale,ABUBAKAR MOHAMED INFAS,DUA,0
Matale,SIRIPALA AMARASINGHE,IND2,0
Matale,K.K. PIYADASA,IND4,15
Matale,SARATH KEERTHIRATHNA,IND5,3
Matale,K.A. KULARATNA,IND6,1
Matale,K.R. KRISHAN,APP,1
Matale,PALLIMULLA KAPUGAMAGE ANURA SIDNEY JAYARATHNA,IND7,0
Matale,DILITH JAYAWEERA,SLCP,128
Matale,SIRITUNGA JAYASURIYA,USP,4
Matale,MYLVAGANAM THILAKARAJAH,IND8,0
Matale,AGAMPODI PRASANGA SURANJEEWA ANOJ DE SILVA,DUNF,16
Matale,LALITH DE SILVA,UNFF,3
Matale,AJANTHA DE ZOYSA,RJA,8
Matale,ANURA KUMARA DISSANAYAKE,NPP,12186
Matale,MAHINDA DEWAGE,SLSP,1
Matale,ARIYANETHIRAN PAKKIYASELVAM,IND9,3
Matale,VICTOR PERERA,IND10,1
Matale,ANURUDDHA POLGAMPALA,IND11,3
Matale,SAJITH PREMADASA,SJB,3816
Matale,SARATH FONSEKA,IND12,21
Matale,DISSANAYAKA MUDIYANSELAGE BANDARANAYAKE,IND13,27
Matale,SARATH BANDARANAYAKE,NDF,3
Matale,BATHTHARAMULLE SEELARATHANA THERO,JSP,4
Matale,NUWAN BOPEGE,SPF,6
Matale,SARATH MANAMENDRA,NSU,1
Matale,PEMASIRI MANAGE,IND14,0
Matale,ANURUDDHA ROSHAN RANASINGHE,IND15,6
Matale,JANAKA RATNAYAKE,ELPP,1
Matale,NAMAL RAJAPAKSHA,SBP,17
Matale,NAMAL RAJAPAKSA,SLPP,372
Matale,WIJEYADASA RAJAPAKSHE,JPF,12
Matale,A.S.P. LIYANAGE,SLLP,2
Matale,KEERTHIE WICKRAMARATNE,AJP,2
Matale,PRIYANTHA WICKRAMASINGHE,NSSP,10
Matale,RANIL WICKREMESINGHE,IND16,4243
Matale,PANI WIJESIRIWARDENA,SEP,0
Matale,OSHALA HERATH,NIF,3
Nuwaraeliya,AKMEEMANA DAYARATHANA THERO,IND1,6
Nuwaraeliya,ABUBAKAR MOHAMED INFAS,DUA,2
Nuwaraeliya,SIRIPALA AMARASINGHE,IND2,5
Nuwaraeliya,K.K. PIYADASA,IND4,47
Nuwaraeliya,SARATH KEERTHIRATHNA,IND5,3
Nuwaraeliya,K.A. KULARATNA,IND6,1
Nuwaraeliya,K.R. KRISHAN,APP,10
Nuwaraeliya,PALLIMULLA KAPUGAMAGE ANURA SIDNEY JAYARATHNA,IND7,1
Nuwaraeliya,DILITH JAYAWEERA,SLCP,73
Nuwaraeliya,SIRITUNGA JAYASURIYA,USP,1
Nuwaraeliya,MYLVAGANAM THILAKARAJAH,IND8,16
Nuwaraeliya,AGAMPODI PRASANGA SURANJEEWA ANOJ DE SILVA,DUNF,17
Nuwaraeliya,LALITH DE SILVA,UNFF,1
Nuwaraeliya,AJANTHA DE ZOYSA,RJA,3
Nuwaraeliya,ANURA KUMARA DISSANAYAKE,NPP,8946
Nuwaraeliya,MAHINDA DEWAGE,SLSP,3
Nuwaraeliya,ARIYANETHIRAN PAKKIYASELVAM,IND9,13
Nuwaraeliya,VICTOR PERERA,IND10,2
Nuwaraeliya,ANURUDDHA POLGAMPALA,IND11,1
Nuwaraeliya,SAJITH PREMADASA,SJB,4334
Nuwaraeliya,SARATH FONSEKA,IND12,13
Nuwaraeliya,DISSANAYAKA MUDIYANSELAGE BANDARANAYAKE,IND13,14
Nuwaraeliya,SARATH BANDARANAYAKE,NDF,1
Nuwaraeliya,BATHTHARAMULLE SEELARATHANA THERO,JSP,4
Nuwaraeliya,NUWAN BOPEGE,SPF,24
Nuwaraeliya,SARATH MANAMENDRA,NSU,1
Nuwaraeliya,PEMASIRI MANAGE,IND14,1
Nuwaraeliya,ANURUDDHA ROSHAN RANASINGHE,IND15,0
Nuwaraeliya,JANAKA RATNAYAKE,ELPP,2
Nuwaraeliya,NAMAL RAJAPAKSHA,SBP,11
Nuwaraeliya,NAMAL RAJAPAKSA,SLPP,308
Nuwaraeliya,WIJEYADASA RAJAPAKSHE,JPF,11
Nuwaraeliya,A.S.P. LIYANAGE,SLLP,0
Nuwaraeliya,KEERTHIE WICKRAMARATNE,AJP,2
Nuwaraeliya,PRIYANTHA WICKRAMASINGHE,NSSP,5
Nuwaraeliya,RANIL WICKREMESINGHE,IND16,5087
Nuwaraeliya,PANI WIJESIRIWARDENA,SEP,2
Nuwaraeliya,OSHALA HERATH,NIF,4
Galle,AKMEEMANA DAYARATHANA THERO,IND1,24
Galle,ABUBAKAR MOHAMED INFAS,DUA,4
Galle,SIRIPALA AMARASINGHE,IND2,5
Galle,K.K. PIYADASA,IND4,13
Galle,SARATH KEERTHIRATHNA,IND5,4
Galle,K.A. KULARATNA,IND6,4
Galle,K.R. KRISHAN,APP,4
Galle,PALLIMULLA KAPUGAMAGE ANURA SIDNEY JAYARATHNA,IND7,1
Galle,DILITH JAYAWEERA,SLCP,375
Galle,SIRITUNGA JAYASURIYA,USP,9
Galle,MYLVAGANAM THILAKARAJAH,IND8,1
Galle,AGAMPODI PRASANGA SURANJEEWA ANOJ DE SILVA,DUNF,34
Galle,LALITH DE SILVA,UNFF,4
Galle,AJANTHA DE ZOYSA,RJA,11
Galle,ANURA KUMARA DISSANAYAKE,NPP,25892
Galle,MAHINDA DEWAGE,SLSP,6
Galle,ARIYANETHIRAN PAKKIYASELVAM,IND9,3
Galle,VICTOR PERERA,IND10,3
Galle,ANURUDDHA POLGAMPALA,IND11,6
Galle,SAJITH PREMADASA,SJB,5338
Galle,SARATH FONSEKA,IND12,57
Galle,DISSANAYAKA MUDIYANSELAGE BANDARANAYAKE,IND13,26
Galle,SARATH BANDARANAYAKE,NDF,7
Galle,BATHTHARAMULLE SEELARATHANA THERO,JSP,19
Galle,NUWAN BOPEGE,SPF,57
Galle,SARATH MANAMENDRA,NSU,5
Galle,PEMASIRI MANAGE,IND14,1
Galle,ANURUDDHA ROSHAN RANASINGHE,IND15,12
Galle,JANAKA RATNAYAKE,ELPP,8
Galle,NAMAL RAJAPAKSHA,SBP,68
Galle,NAMAL RAJAPAKSA,SLPP,863
Galle,WIJEYADASA RAJAPAKSHE,JPF,28
Galle,A.S.P. LIYANAGE,SLLP,1
Galle,KEERTHIE WICKRAMARATNE,AJP,5
Galle,PRIYANTHA WICKRAMASINGHE,NSSP,13
Galle,RANIL WICKREMESINGHE,IND16,7226
Galle,PANI WIJESIRIWARDENA,SEP,1
Galle,OSHALA HERATH,NIF,2
Matara,AKMEEMANA DAYARATHANA THERO,IND1,6
Matara,ABUBAKAR MOHAMED INFAS,DUA,5
Matara,SIRIPALA AMARASINGHE,IND2,1
Matara,K.K. PIYADASA,IND4,10
Matara,SARATH KEERTHIRATHNA,IND5,3
Matara,K.A. KULARATNA,IND6,1
Matara,K.R. KRISHAN,APP,2
Matara,PALLIMULLA KAPUGAMAGE ANURA SIDNEY JAYARATHNA,IND7,2
Matara,DILITH JAYAWEERA,SLCP,259
Matara,SIRITUNGA JAYASURIYA,USP,2
Matara,MYLVAGANAM THILAKARAJAH,IND8,0
Matara,AGAMPODI PRASANGA SURANJEEWA ANOJ DE SILVA,DUNF,21
Matara,LALITH DE SILVA,UNFF,2
Matara,AJANTHA DE ZOYSA,RJA,11
Matara,ANURA KUMARA DISSANAYAKE,NPP,19712
Matara,MAHINDA DEWAGE,SLSP,3
Matara,ARIYANETHIRAN PAKKIYASELVAM,IND9,1
Matara,VICTOR PERERA,IND10,3
Matara,ANURUDDHA POLGAMPALA,IND11,1
Matara,SAJITH PREMADASA,SJB,4041
Matara,SARATH FONSEKA,IND12,25
Matara,DISSANAYAKA MUDIYANSELAGE BANDARANAYAKE,IND13,18
Matara,SARATH BANDARANAYAKE,NDF,2
Matara,BATHTHARAMULLE SEELARATHANA THERO,JSP,10
Matara,NUWAN BOPEGE,SPF,38
Matara,SARATH MANAMENDRA,NSU,2
Matara,PEMASIRI MANAGE,IND14,0
Matara,ANURUDDHA ROSHAN RANASINGHE,IND15,11
Matara,JANAKA RATNAYAKE,ELPP,2
Matara,NAMAL RAJAPAKSHA,SBP,41
Matara,NAMAL RAJAPAKSA,SLPP,543
Matara,WIJEYADASA RAJAPAKSHE,JPF,19
Matara,A.S.P. LIYANAGE,SLLP,2
Matara,KEERTHIE WICKRAMARATNE,AJP,5
Matara,PRIYANTHA WICKRAMASINGHE,NSSP,6
Matara,RANIL WICKREMESINGHE,IND16,5088
Matara,PANI WIJESIRIWARDENA,SEP,3
Matara,OSHALA HERATH,NIF,3
Hambantota,AKMEEMANA DAYARATHANA THERO,IND1,9
Hambantota,ABUBAKAR MOHAMED INFAS,DUA,2
Hambantota,SIRIPALA AMARASINGHE,IND2,4
Hambantota,K.K. PIYADASA,IND4,13
Hambantota,SARATH KEERTHIRATHNA,IND5,2
Hambantota,K.A. KULARATNA,IND6,2
Hambantota,K.R. KRISHAN,APP,2
Hambantota,PALLIMULLA KAPUGAMAGE ANURA SIDNEY JAYARATHNA,IND7,2
Hambantota,DILITH JAYAWEERA,SLCP,105
Hambantota,SIRITUNGA JAYASURIYA,USP,5
Hambantota,MYLVAGANAM THILAKARAJAH,IND8,2
Hambantota,AGAMPODI PRASANGA SURANJEEWA ANOJ DE SILVA,DUNF,13
Hambantota,LALITH DE SILVA,UNFF,3
Hambantota,AJANTHA DE ZOYSA,RJA,4
Hambantota,ANURA KUMARA DISSANAYAKE,NPP,14482
Hambantota,MAHINDA DEWAGE,SLSP,1
Hambantota,ARIYANETHIRAN PAKKIYASELVAM,IND9,5
Hambantota,VICTOR PERERA,IND10,1
Hambantota,ANURUDDHA POLGAMPALA,IND11,2
Hambantota,SAJITH PREMADASA,SJB,3397
Hambantota,SARATH FONSEKA,IND12,13
Hambantota,DISSANAYAKA MUDIYANSELAGE BANDARANAYAKE,IND13,20
Hambantota,SARATH BANDARANAYAKE,NDF,2
Hambantota,BATHTHARAMULLE SEELARATHANA THERO,JSP,4
Hambantota,NUWAN BOPEGE,SPF,31
Hambantota,SARATH MANAMENDRA,NSU,0
Hambantota,PEMASIRI MANAGE,IND14,0
Hambantota,ANURUDDHA ROSHAN RANASINGHE,IND15,4
Hambantota,JANAKA RATNAYAKE,ELPP,1
Hambantota,NAMAL RAJAPAKSHA,SBP,53
Hambantota,NAMAL RAJAPAKSA,SLPP,819
Hambantota,WIJEYADASA RAJAPAKSHE,JPF,31
Hambantota,A.S.P. LIYANAGE,SLLP,4
Hambantota,KEERTHIE WICKRAMARATNE,AJP,1
Hambantota,PRIYANTHA WICKRAMASINGHE,NSSP,7
Hambantota,RANIL WICKREMESINGHE,IND16,2502
Hambantota,PANI WIJESIRIWARDENA,SEP,0
Hambantota,OSHALA HERATH,NIF,1
Jaffna,AKMEEMANA DAYARATHANA THERO,IND1,31
Jaffna,ABUBAKAR MOHAMED INFAS,DUA,18
Jaffna,SIRIPALA AMARASINGHE,IND2,8
Jaffna,K.K. PIYADASA,IND4,197
Jaffna,SARATH KEERTHIRATHNA,IND5,22
Jaffna,K.A. KULARATNA,IND6,7
Jaffna,K.R. KRISHAN,APP,8
Jaffna,PALLIMULLA KAPUGAMAGE ANURA SIDNEY JAYARATHNA,IND7,5
Jaffna,DILITH JAYAWEERA,SLCP,17
Jaffna,SIRITUNGA JAYASURIYA,USP,16
Jaffna,MYLVAGANAM THILAKARAJAH,IND8,29
Jaffna,AGAMPODI PRASANGA SURANJEEWA ANOJ DE SILVA,DUNF,7
Jaffna,LALITH DE SILVA,UNFF,6
Jaffna,AJANTHA DE ZOYSA,RJA,7
Jaffna,ANURA KUMARA DISSANAYAKE,NPP,2250
Jaffna,MAHINDA DEWAGE,SLSP,8
Jaffna,ARIYANETHIRAN PAKKIYASELVAM,IND9,4207
Jaffna,VICTOR PERERA,IND10,12
Jaffna,ANURUDDHA POLGAMPALA,IND11,23
Jaffna,SAJITH PREMADASA,SJB,7640
Jaffna,SARATH FONSEKA,IND12,44
Jaffna,DISSANAYAKA MUDIYANSELAGE BANDARANAYAKE,IND13,7
Jaffna,SARATH BANDARANAYAKE,NDF,4
Jaffna,BATHTHARAMULLE SEELARATHANA THERO,JSP,6
Jaffna,NUWAN BOPEGE,SPF,16
Jaffna,SARATH MANAMENDRA,NSU,8
Jaffna,PEMASIRI MANAGE,IND14,3
Jaffna,ANURUDDHA ROSHAN RANASINGHE,IND15,17
Jaffna,JANAKA RATNAYAKE,ELPP,2
Jaffna,NAMAL RAJAPAKSHA,SBP,20
Jaffna,NAMAL RAJAPAKSA,SLPP,79
Jaffna,WIJEYADASA RAJAPAKSHE,JPF,12
Jaffna,A.S.P. LIYANAGE,SLLP,3
Jaffna,KEERTHIE WICKRAMARATNE,AJP,3
Jaffna,PRIYANTHA WICKRAMASINGHE,NSSP,25
Jaffna,RANIL WICKREMESINGHE,IND16,9277
Jaffna,PANI WIJESIRIWARDENA,SEP,12
Jaffna,OSHALA HERATH,NIF,5
Vanni,AKMEEMANA DAYARATHANA THERO,IND1,8
Vanni,ABUBAKAR MOHAMED INFAS,DUA,8
Vanni,SIRIPALA AMARASINGHE,IND2,3
Vanni,K.K. PIYADASA,IND4,113
Vanni,SARATH KEERTHIRATHNA,IND5,6
Vanni,K.A. KULARATNA,IND6,2
Vanni,K.R. KRISHAN,APP,6
Vanni,PALLIMULLA KAPUGAMAGE ANURA SIDNEY JAYARATHNA,IND7,2
Vanni,DILITH JAYAWEERA,SLCP,13
Vanni,SIRITUNGA JAYASURIYA,USP,4
Vanni,MYLVAGANAM THILAKARAJAH,IND8,6
Vanni,AGAMPODI PRASANGA SURANJEEWA ANOJ DE SILVA,DUNF,5
Vanni,LALITH DE SILVA,UNFF,3
Vanni,AJANTHA DE ZOYSA,RJA,2
Vanni,ANURA KUMARA DISSANAYAKE,NPP,2092
Vanni,MAHINDA DEWAGE,SLSP,3
Vanni,ARIYANETHIRAN PAKKIYASELVAM,IND9,1160
Vanni,VICTOR PERERA,IND10,5
Vanni,ANURUDDHA POLGAMPALA,IND11,6
Vanni,SAJITH PREMADASA,SJB,4899
Vanni,SARATH FONSEKA,IND12,17
Vanni,DISSANAYAKA MUDIYANSELAGE BANDARANAYAKE,IND13,17
Vanni,SARATH BANDARANAYAKE,NDF,6
Vanni,BATHTHARAMULLE SEELARATHANA THERO,JSP,3
Vanni,NUWAN BOPEGE,SPF,6
Vanni,SARATH MANAMENDRA,NSU,3
Vanni,PEMASIRI MANAGE,IND14,3
Vanni,ANURUDDHA ROSHAN RANASINGHE,IND15,3
Vanni,JANAKA RATNAYAKE,ELPP,3
Vanni,NAMAL RAJAPAKSHA,SBP,5
Vanni,NAMAL RAJAPAKSA,SLPP,68
Vanni,WIJEYADASA RAJAPAKSHE,JPF,6
Vanni,A.S.P. LIYANAGE,SLLP,2
Vanni,KEERTHIE WICKRAMARATNE,AJP,1
Vanni,PRIYANTHA WICKRAMASINGHE,NSSP,11
Vanni,RANIL WICKREMESINGHE,IND16,4257
Vanni,PANI WIJESIRIWARDENA,SEP,2
Vanni,OSHALA HERATH,NIF,5
Batticaloa,AKMEEMANA DAYARATHANA THERO,IND1,2
Batticaloa,ABUBAKAR MOHAMED INFAS,DUA,2
Batticaloa,SIRIPALA AMARASINGHE,IND2,5
Batticaloa,K.K. PIYADASA,IND4,40
Batticaloa,SARATH KEERTHIRATHNA,IND5,3
Batticaloa,K.A. KULARATNA,IND6,0
Batticaloa,K.R. KRISHAN,APP,0
Batticaloa,PALLIMULLA KAPUGAMAGE ANURA SIDNEY JAYARATHNA,IND7,0
Batticaloa,DILITH JAYAWEERA,SLCP,7
Batticaloa,SIRITUNGA JAYASURIYA,USP,2
Batticaloa,MYLVAGANAM THILAKARAJAH,IND8,4
Batticaloa,AGAMPODI PRASANGA SURANJEEWA ANOJ DE SILVA,DUNF,2
Batticaloa,LALITH DE SILVA,UNFF,0
Batticaloa,AJANTHA DE ZOYSA,RJA,3
Batticaloa,ANURA KUMARA DISSANAYAKE,NPP,2479
Batticaloa,MAHINDA DEWAGE,SLSP,0
Batticaloa,ARIYANETHIRAN PAKKIYASELVAM,IND9,901
Batticaloa,VICTOR PERERA,IND10,3
Batticaloa,ANURUDDHA POLGAMPALA,IND11,6
Batticaloa,SAJITH PREMADASA,SJB,3205
Batticaloa,SARATH FONSEKA,IND12,11
Batticaloa,DISSANAYAKA MUDIYANSELAGE BANDARANAYAKE,IND13,10
Batticaloa,SARATH BANDARANAYAKE,NDF,1
Batticaloa,BATHTHARAMULLE SEELARATHANA THERO,JSP,1
Batticaloa,NUWAN BOPEGE,SPF,5
Batticaloa,SARATH MANAMENDRA,NSU,2
Batticaloa,PEMASIRI MANAGE,IND14,2
Batticaloa,ANURUDDHA ROSHAN RANASINGHE,IND15,1
Batticaloa,JANAKA RATNAYAKE,ELPP,0
Batticaloa,NAMAL RAJAPAKSHA,SBP,2
Batticaloa,NAMAL RAJAPAKSA,SLPP,19
Batticaloa,WIJEYADASA RAJAPAKSHE,JPF,10
Batticaloa,A.S.P. LIYANAGE,SLLP,1
Batticaloa,KEERTHIE WICKRAMARATNE,AJP,3
Batticaloa,PRIYANTHA WICKRAMASINGHE,NSSP,4
Batticaloa,RANIL WICKREMESINGHE,IND16,5967
Batticaloa,PANI WIJESIRIWARDENA,SEP,1
Batticaloa,OSHALA HERATH,NIF,0
Digamadulla,AKMEEMANA DAYARATHANA THERO,IND1,19
Digamadulla,ABUBAKAR MOHAMED INFAS,DUA,10
Digamadulla,SIRIPALA AMARASINGHE,IND2,7
Digamadulla,K.K. PIYADASA,IND4,48
Digamadulla,SARATH KEERTHIRATHNA,IND5,9
Digamadulla,K.A. KULARATNA,IND6,6
Digamadulla,K.R. KRISHAN,APP,6
Digamadulla,PALLIMULLA KAPUGAMAGE ANURA SIDNEY JAYARATHNA,IND7,0
Digamadulla,DILITH JAYAWEERA,SLCP,27
Digamadulla,SIRITUNGA JAYASURIYA,USP,4
Digamadulla,MYLVAGANAM THILAKARAJAH,IND8,1
Digamadulla,AGAMPODI PRASANGA SURANJEEWA ANOJ DE SILVA,DUNF,9
Digamadulla,LALITH DE SILVA,UNFF,2
Digamadulla,AJANTHA DE ZOYSA,RJA,7
Digamadulla,ANURA KUMARA DISSANAYAKE,NPP,11120
Digamadulla,MAHINDA DEWAGE,SLSP,8
Digamadulla,ARIYANETHIRAN PAKKIYASELVAM,IND9,233
Digamadulla,VICTOR PERERA,IND10,3
Digamadulla,ANURUDDHA POLGAMPALA,IND11,8
Digamadulla,SAJITH PREMADASA,SJB,7368
Digamadulla,SARATH FONSEKA,IND12,22
Digamadulla,DISSANAYAKA MUDIYANSELAGE BANDARANAYAKE,IND13,25
Digamadulla,SARATH BANDARANAYAKE,NDF,1
Digamadulla,BATHTHARAMULLE SEELARATHANA THERO,JSP,4
Digamadulla,NUWAN BOPEGE,SPF,26
Digamadulla,SARATH MANAMENDRA,NSU,3
Digamadulla,PEMASIRI MANAGE,IND14,2
Digamadulla,ANURUDDHA ROSHAN RANASINGHE,IND15,3
Digamadulla,JANAKA RATNAYAKE,ELPP,2
Digamadulla,NAMAL RAJAPAKSHA,SBP,15
Digamadulla,NAMAL RAJAPAKSA,SLPP,318
Digamadulla,WIJEYADASA RAJAPAKSHE,JPF,16
Digamadulla,A.S.P. LIYANAGE,SLLP,5
Digamadulla,KEERTHIE WICKRAMARATNE,AJP,1
Digamadulla,PRIYANTHA WICKRAMASINGHE,NSSP,6
Digamadulla,RANIL WICKREMESINGHE,IND16,6719
Digamadulla,PANI WIJESIRIWARDENA,SEP,3
Digamadulla,OSHALA HERATH,NIF,0
Trincomalee,AKMEEMANA DAYARATHANA THERO,IND1,10
Trincomalee,ABUBAKAR MOHAMED INFAS,DUA,7
Trincomalee,SIRIPALA AMARASINGHE,IND2,3
Trincomalee,K.K. PIYADASA,IND4,38
Trincomalee,SARATH KEERTHIRATHNA,IND5,6
Trincomalee,K.A. KULARATNA,IND6,3
Trincomalee,K.R. KRISHAN,APP,2
Trincomalee,PALLIMULLA KAPUGAMAGE ANURA SIDNEY JAYARATHNA,IND7,6
Trincomalee,DILITH JAYAWEERA,SLCP,39
Trincomalee,SIRITUNGA JAYASURIYA,USP,4
Trincomalee,MYLVAGANAM THILAKARAJAH,IND8,4
Trincomalee,AGAMPODI PRASANGA SURANJEEWA ANOJ DE SILVA,DUNF,5
Trincomalee,LALITH DE SILVA,UNFF,1
Trincomalee,AJANTHA DE ZOYSA,RJA,6
Trincomalee,ANURA KUMARA DISSANAYAKE,NPP,5480
Trincomalee,MAHINDA DEWAGE,SLSP,3
Trincomalee,ARIYANETHIRAN PAKKIYASELVAM,IND9,431
Trincomalee,VICTOR PERERA,IND10,1
Trincomalee,ANURUDDHA POLGAMPALA,IND11,10
Trincomalee,SAJITH PREMADASA,SJB,4537
Trincomalee,SARATH FONSEKA,IND12,15
Trincomalee,DISSANAYAKA MUDIYANSELAGE BANDARANAYAKE,IND13,21
Trincomalee,SARATH BANDARANAYAKE,NDF,1
Trincomalee,BATHTHARAMULLE SEELARATHANA THERO,JSP,2
Trincomalee,NUWAN BOPEGE,SPF,14
Trincomalee,SARATH MANAMENDRA,NSU,2
Trincomalee,PEMASIRI MANAGE,IND14,0
Trincomalee,ANURUDDHA ROSHAN RANASINGHE,IND15,4
Trincomalee,JANAKA RATNAYAKE,ELPP,2
Trincomalee,NAMAL RAJAPAKSHA,SBP,11
Trincomalee,NAMAL RAJAPAKSA,SLPP,129
Trincomalee,WIJEYADASA RAJAPAKSHE,JPF,14
Trincomalee,A.S.P. LIYANAGE,SLLP,1
Trincomalee,KEERTHIE WICKRAMARATNE,AJP,4
Trincomalee,PRIYANTHA WICKRAMASINGHE,NSSP,13
Trincomalee,RANIL WICKREMESINGHE,IND16,3630
Trincomalee,PANI WIJESIRIWARDENA,SEP,4
Trincomalee,OSHALA HERATH,NIF,0
Kurunegala,AKMEEMANA DAYARATHANA THERO,IND1,28
Kurunegala,ABUBAKAR MOHAMED INFAS,DUA,6
Kurunegala,SIRIPALA AMARASINGHE,IND2,14
Kurunegala,K.K. PIYADASA,IND4,35
Kurunegala,SARATH KEERTHIRATHNA,IND5,6
Kurunegala,K.A. KULARATNA,IND6,4
Kurunegala,K.R. KRISHAN,APP,8
Kurunegala,PALLIMULLA KAPUGAMAGE ANURA SIDNEY JAYARATHNA,IND7,4
Kurunegala,DILITH JAYAWEERA,SLCP,314
Kurunegala,SIRITUNGA JAYASURIYA,USP,8
Kurunegala,MYLVAGANAM THILAKARAJAH,IND8,2
Kurunegala,AGAMPODI PRASANGA SURANJEEWA ANOJ DE SILVA,DUNF,76
Kurunegala,LALITH DE SILVA,UNFF,6
Kurunegala,AJANTHA DE ZOYSA,RJA,19
Kurunegala,ANURA KUMARA DISSANAYAKE,NPP,47126
Kurunegala,MAHINDA DEWAGE,SLSP,8
Kurunegala,ARIYANETHIRAN PAKKIYASELVAM,IND9,13
Kurunegala,VICTOR PERERA,IND10,6
Kurunegala,ANURUDDHA POLGAMPALA,IND11,15
Kurunegala,SAJITH PREMADASA,SJB,13081
Kurunegala,SARATH FONSEKA,IND12,73
Kurunegala,DISSANAYAKA MUDIYANSELAGE BANDARANAYAKE,IND13,57
Kurunegala,SARATH BANDARANAYAKE,NDF,4
Kurunegala,BATHTHARAMULLE SEELARATHANA THERO,JSP,23
Kurunegala,NUWAN BOPEGE,SPF,39
Kurunegala,SARATH MANAMENDRA,NSU,4
Kurunegala,PEMASIRI MANAGE,IND14,4
Kurunegala,ANURUDDHA ROSHAN RANASINGHE,IND15,19
Kurunegala,JANAKA RATNAYAKE,ELPP,5
Kurunegala,NAMAL RAJAPAKSHA,SBP,86
Kurunegala,NAMAL RAJAPAKSA,SLPP,1384
Kurunegala,WIJEYADASA RAJAPAKSHE,JPF,48
Kurunegala,A.S.P. LIYANAGE,SLLP,4
Kurunegala,KEERTHIE WICKRAMARATNE,AJP,14
Kurunegala,PRIYANTHA WICKRAMASINGHE,NSSP,28
Kurunegala,RANIL WICKREMESINGHE,IND16,11998
Kurunegala,PANI WIJESIRIWARDENA,SEP,7
Kurunegala,OSHALA HERATH,NIF,7
Puttalam,AKMEEMANA DAYARATHANA THERO,IND1,3
Puttalam,ABUBAKAR MOHAMED INFAS,DUA,5
Puttalam,SIRIPALA AMARASINGHE,IND2,0
Puttalam,K.K. PIYADASA,IND4,13
Puttalam,SARATH KEERTHIRATHNA,IND5,2
Puttalam,K.A. KULARATNA,IND6,0
Puttalam,K.R. KRISHAN,APP,1
Puttalam,PALLIMULLA KAPUGAMAGE ANURA SIDNEY JAYARATHNA,IND7,0
Puttalam,DILITH JAYAWEERA,SLCP,58
Puttalam,SIRITUNGA JAYASURIYA,USP,3
Puttalam,MYLVAGANAM THILAKARAJAH,IND8,0
Puttalam,AGAMPODI PRASANGA SURANJEEWA ANOJ DE SILVA,DUNF,10
Puttalam,LALITH DE SILVA,UNFF,1
Puttalam,AJANTHA DE ZOYSA,RJA,1
Puttalam,ANURA KUMARA DISSANAYAKE,NPP,8614
Puttalam,MAHINDA DEWAGE,SLSP,2
Puttalam,ARIYANETHIRAN PAKKIYASELVAM,IND9,5
Puttalam,VICTOR PERERA,IND10,0
Puttalam,ANURUDDHA POLGAMPALA,IND11,2
Puttalam,SAJITH PREMADASA,SJB,3044
Puttalam,SARATH FONSEKA,IND12,19
Puttalam,DISSANAYAKA MUDIYANSELAGE BANDARANAYAKE,IND13,9
Puttalam,SARATH BANDARANAYAKE,NDF,2
Puttalam,BATHTHARAMULLE SEELARATHANA THERO,JSP,1
Puttalam,NUWAN BOPEGE,SPF,12
Puttalam,SARATH MANAMENDRA,NSU,2
Puttalam,PEMASIRI MANAGE,IND14,1
Puttalam,ANURUDDHA ROSHAN RANASINGHE,IND15,1
Puttalam,JANAKA RATNAYAKE,ELPP,3
Puttalam,NAMAL RAJAPAKSHA,SBP,39
Puttalam,NAMAL RAJAPAKSA,SLPP,219
Puttalam,WIJEYADASA RAJAPAKSHE,JPF,7
Puttalam,A.S.P. LIYANAGE,SLLP,0
Puttalam,KEERTHIE WICKRAMARATNE,AJP,0
Puttalam,PRIYANTHA WICKRAMASINGHE,NSSP,4
Puttalam,RANIL WICKREMESINGHE,IND16,2335
Puttalam,PANI WIJESIRIWARDENA,SEP,3
Puttalam,OSHALA HERATH,NIF,2
Anuradhapura,AKMEEMANA DAYARATHANA THERO,IND1,24
Anuradhapura,ABUBAKAR MOHAMED INFAS,DUA,23
Anuradhapura,SIRIPALA AMARASINGHE,IND2,13
Anuradhapura,K.K. PIYADASA,IND4,68
Anuradhapura,SARATH KEERTHIRATHNA,IND5,11
Anuradhapura,K.A. KULARATNA,IND6,6
Anuradhapura,K.R. KRISHAN,APP,9
Anuradhapura,PALLIMULLA KAPUGAMAGE ANURA SIDNEY JAYARATHNA,IND7,2
Anuradhapura,DILITH JAYAWEERA,SLCP,180
Anuradhapura,SIRITUNGA JAYASURIYA,USP,5
Anuradhapura,MYLVAGANAM THILAKARAJAH,IND8,2
Anuradhapura,AGAMPODI PRASANGA SURANJEEWA ANOJ DE SILVA,DUNF,44
Anuradhapura,LALITH DE SILVA,UNFF,4
Anuradhapura,AJANTHA DE ZOYSA,RJA,16
Anuradhapura,ANURA KUMARA DISSANAYAKE,NPP,32750
Anuradhapura,MAHINDA DEWAGE,SLSP,7
Anuradhapura,ARIYANETHIRAN PAKKIYASELVAM,IND9,11
Anuradhapura,VICTOR PERERA,IND10,5
Anuradhapura,ANURUDDHA POLGAMPALA,IND11,24
Anuradhapura,SAJITH PREMADASA,SJB,10956
Anuradhapura,SARATH FONSEKA,IND12,57
Anuradhapura,DISSANAYAKA MUDIYANSELAGE BANDARANAYAKE,IND13,66
Anuradhapura,SARATH BANDARANAYAKE,NDF,2
Anuradhapura,BATHTHARAMULLE SEELARATHANA THERO,JSP,8
Anuradhapura,NUWAN BOPEGE,SPF,31
Anuradhapura,SARATH MANAMENDRA,NSU,8
Anuradhapura,PEMASIRI MANAGE,IND14,1
Anuradhapura,ANURUDDHA ROSHAN RANASINGHE,IND15,9
Anuradhapura,JANAKA RATNAYAKE,ELPP,3
Anuradhapura,NAMAL RAJAPAKSHA,SBP,59
Anuradhapura,NAMAL RAJAPAKSA,SLPP,783
Anuradhapura,WIJEYADASA RAJAPAKSHE,JPF,35
Anuradhapura,A.S.P. LIYANAGE,SLLP,5
Anuradhapura,KEERTHIE WICKRAMARATNE,AJP,8
Anuradhapura,PRIYANTHA WICKRAMASINGHE,NSSP,21
Anuradhapura,RANIL WICKREMESINGHE,IND16,8218
Anuradhapura,PANI WIJESIRIWARDENA,SEP,8
Anuradhapura,OSHALA HERATH,NIF,2
Polonnaruwa,AKMEEMANA DAYARATHANA THERO,IND1,16
Polonnaruwa,ABUBAKAR MOHAMED INFAS,DUA,9
Polonnaruwa,SIRIPALA AMARASINGHE,IND2,4
Polonnaruwa,K.K. PIYADASA,IND4,27
Polonnaruwa,SARATH KEERTHIRATHNA,IND5,13
Polonnaruwa,K.A. KULARATNA,IND6,6
Polonnaruwa,K.R. KRISHAN,APP,1
Polonnaruwa,PALLIMULLA KAPUGAMAGE ANURA SIDNEY JAYARATHNA,IND7,3
Polonnaruwa,DILITH JAYAWEERA,SLCP,56
Polonnaruwa,SIRITUNGA JAYASURIYA,USP,7
Polonnaruwa,MYLVAGANAM THILAKARAJAH,IND8,2
Polonnaruwa,AGAMPODI PRASANGA SURANJEEWA ANOJ DE SILVA,DUNF,12
Polonnaruwa,LALITH DE SILVA,UNFF,4
Polonnaruwa,AJANTHA DE ZOYSA,RJA,4
Polonnaruwa,ANURA KUMARA DISSANAYAKE,NPP,11768
Polonnaruwa,MAHINDA DEWAGE,SLSP,5
Polonnaruwa,ARIYANETHIRAN PAKKIYASELVAM,IND9,6
Polonnaruwa,VICTOR PERERA,IND10,2
Polonnaruwa,ANURUDDHA POLGAMPALA,IND11,6
Polonnaruwa,SAJITH PREMADASA,SJB,4120
Polonnaruwa,SARATH FONSEKA,IND12,24
Polonnaruwa,DISSANAYAKA MUDIYANSELAGE BANDARANAYAKE,IND13,34
Polonnaruwa,SARATH BANDARANAYAKE,NDF,3
Polonnaruwa,BATHTHARAMULLE SEELARATHANA THERO,JSP,6
Polonnaruwa,NUWAN BOPEGE,SPF,26
Polonnaruwa,SARATH MANAMENDRA,NSU,0
Polonnaruwa,PEMASIRI MANAGE,IND14,5
Polonnaruwa,ANURUDDHA ROSHAN RANASINGHE,IND15,33
Polonnaruwa,JANAKA RATNAYAKE,ELPP,2
Polonnaruwa,NAMAL RAJAPAKSHA,SBP,12
Polonnaruwa,NAMAL RAJAPAKSA,SLPP,188
Polonnaruwa,WIJEYADASA RAJAPAKSHE,JPF,16
Polonnaruwa,A.S.P. LIYANAGE,SLLP,5
Polonnaruwa,KEERTHIE WICKRAMARATNE,AJP,2
Polonnaruwa,PRIYANTHA WICKRAMASINGHE,NSSP,18
Polonnaruwa,RANIL WICKREMESINGHE,IND16,2762
Polonnaruwa,PANI WIJESIRIWARDENA,SEP,3
Polonnaruwa,OSHALA HERATH,NIF,1
Badulla,AKMEEMANA DAYARATHANA THERO,IND1,14
Badulla,ABUBAKAR MOHAMED INFAS,DUA,2
Badulla,SIRIPALA AMARASINGHE,IND2,6
Badulla,K.K. PIYADASA,IND4,27
Badulla,SARATH KEERTHIRATHNA,IND5,6
Badulla,K.A. KULARATNA,IND6,4
Badulla,K.R. KRISHAN,APP,7
Badulla,PALLIMULLA KAPUGAMAGE ANURA SIDNEY JAYARATHNA,IND7,2
Badulla,DILITH JAYAWEERA,SLCP,151
Badulla,SIRITUNGA JAYASURIYA,USP,3
Badulla,MYLVAGANAM THILAKARAJAH,IND8,2
Badulla,AGAMPODI PRASANGA SURANJEEWA ANOJ DE SILVA,DUNF,49
Badulla,LALITH DE SILVA,UNFF,5
Badulla,AJANTHA DE ZOYSA,RJA,8
Badulla,ANURA KUMARA DISSANAYAKE,NPP,23629
Badulla,MAHINDA DEWAGE,SLSP,5
Badulla,ARIYANETHIRAN PAKKIYASELVAM,IND9,9
Badulla,VICTOR PERERA,IND10,1
Badulla,ANURUDDHA POLGAMPALA,IND11,8
Badulla,SAJITH PREMADASA,SJB,7757
Badulla,SARATH FONSEKA,IND12,40
Badulla,DISSANAYAKA MUDIYANSELAGE BANDARANAYAKE,IND13,29
Badulla,SARATH BANDARANAYAKE,NDF,2
Badulla,BATHTHARAMULLE SEELARATHANA THERO,JSP,12
Badulla,NUWAN BOPEGE,SPF,65
Badulla,SARATH MANAMENDRA,NSU,0
Badulla,PEMASIRI MANAGE,IND14,3
Badulla,ANURUDDHA ROSHAN RANASINGHE,IND15,7
Badulla,JANAKA RATNAYAKE,ELPP,2
Badulla,NAMAL RAJAPAKSHA,SBP,25
Badulla,NAMAL RAJAPAKSA,SLPP,598
Badulla,WIJEYADASA RAJAPAKSHE,JPF,18
Badulla,A.S.P. LIYANAGE,SLLP,3
Badulla,KEERTHIE WICKRAMARATNE,AJP,3
Badulla,PRIYANTHA WICKRAMASINGHE,NSSP,7
Badulla,RANIL WICKREMESINGHE,IND16,7967
Badulla,PANI WIJESIRIWARDENA,SEP,8
Badulla,OSHALA HERATH,NIF,4
Monaragala,AKMEEMANA DAYARATHANA THERO,IND1,16
Monaragala,ABUBAKAR MOHAMED INFAS,DUA,1
Monaragala,SIRIPALA AMARASINGHE,IND2,2
Monaragala,K.K. PIYADASA,IND4,30
Monaragala,SARATH KEERTHIRATHNA,IND5,5
Monaragala,K.A. KULARATNA,IND6,6
Monaragala,K.R. KRISHAN,APP,3
Monaragala,PALLIMULLA KAPUGAMAGE ANURA SIDNEY JAYARATHNA,IND7,4
Monaragala,DILITH JAYAWEERA,SLCP,89
Monaragala,SIRITUNGA JAYASURIYA,USP,4
Monaragala,MYLVAGANAM THILAKARAJAH,IND8,0
Monaragala,AGAMPODI PRASANGA SURANJEEWA ANOJ DE SILVA,DUNF,14
Monaragala,LALITH DE SILVA,UNFF,3
Monaragala,AJANTHA DE ZOYSA,RJA,9
Monaragala,ANURA KUMARA DISSANAYAKE,NPP,14050
Monaragala,MAHINDA DEWAGE,SLSP,3
Monaragala,ARIYANETHIRAN PAKKIYASELVAM,IND9,3
Monaragala,VICTOR PERERA,IND10,0
Monaragala,ANURUDDHA POLGAMPALA,IND11,2
Monaragala,SAJITH PREMADASA,SJB,5733
Monaragala,SARATH FONSEKA,IND12,16
Monaragala,DISSANAYAKA MUDIYANSELAGE BANDARANAYAKE,IND13,24
Monaragala,SARATH BANDARANAYAKE,NDF,2
Monaragala,BATHTHARAMULLE SEELARATHANA THERO,JSP,8
Monaragala,NUWAN BOPEGE,SPF,24
Monaragala,SARATH MANAMENDRA,NSU,1
Monaragala,PEMASIRI MANAGE,IND14,2
Monaragala,ANURUDDHA ROSHAN RANASINGHE,IND15,7
Monaragala,JANAKA RATNAYAKE,ELPP,2
Monaragala,NAMAL RAJAPAKSHA,SBP,20
Monaragala,NAMAL RAJAPAKSA,SLPP,470
Monaragala,WIJEYADASA RAJAPAKSHE,JPF,21
Monaragala,A.S.P. LIYANAGE,SLLP,1
Monaragala,KEERTHIE WICKRAMARATNE,AJP,4
Monaragala,PRIYANTHA WICKRAMASINGHE,NSSP,5
Monaragala,RANIL WICKREMESINGHE,IND16,3401
Monaragala,PANI WIJESIRIWARDENA,SEP,3
Monaragala,OSHALA HERATH,NIF,1
Ratnapura,AKMEEMANA DAYARATHANA THERO,IND1,12
Ratnapura,ABUBAKAR MOHAMED INFAS,DUA,3
Ratnapura,SIRIPALA AMARASINGHE,IND2,3
Ratnapura,K.K. PIYADASA,IND4,15
Ratnapura,SARATH KEERTHIRATHNA,IND5,1
Ratnapura,K.A. KULARATNA,IND6,1
Ratnapura,K.R. KRISHAN,APP,4
Ratnapura,PALLIMULLA KAPUGAMAGE ANURA SIDNEY JAYARATHNA,IND7,2
Ratnapura,DILITH JAYAWEERA,SLCP,251
Ratnapura,SIRITUNGA JAYASURIYA,USP,3
Ratnapura,MYLVAGANAM THILAKARAJAH,IND8,3
Ratnapura,AGAMPODI PRASANGA SURANJEEWA ANOJ DE SILVA,DUNF,26
Ratnapura,LALITH DE SILVA,UNFF,1
Ratnapura,AJANTHA DE ZOYSA,RJA,13
Ratnapura,ANURA KUMARA DISSANAYAKE,NPP,19185
Ratnapura,MAHINDA DEWAGE,SLSP,5
Ratnapura,ARIYANETHIRAN PAKKIYASELVAM,IND9,3
Ratnapura,VICTOR PERERA,IND10,2
Ratnapura,ANURUDDHA POLGAMPALA,IND11,5
Ratnapura,SAJITH PREMADASA,SJB,4675
Ratnapura,SARATH FONSEKA,IND12,19
Ratnapura,DISSANAYAKA MUDIYANSELAGE BANDARANAYAKE,IND13,17
Ratnapura,SARATH BANDARANAYAKE,NDF,2
Ratnapura,BATHTHARAMULLE SEELARATHANA THERO,JSP,10
Ratnapura,NUWAN BOPEGE,SPF,30
Ratnapura,SARATH MANAMENDRA,NSU,1
Ratnapura,PEMASIRI MANAGE,IND14,2
Ratnapura,ANURUDDHA ROSHAN RANASINGHE,IND15,2
Ratnapura,JANAKA RATNAYAKE,ELPP,4
Ratnapura,NAMAL RAJAPAKSHA,SBP,67
Ratnapura,NAMAL RAJAPAKSA,SLPP,500
Ratnapura,WIJEYADASA RAJAPAKSHE,JPF,15
Ratnapura,A.S.P. LIYANAGE,SLLP,1
Ratnapura,KEERTHIE WICKRAMARATNE,AJP,4
Ratnapura,PRIYANTHA WICKRAMASINGHE,NSSP,8
Ratnapura,RANIL WICKREMESINGHE,IND16,6641
Ratnapura,PANI WIJESIRIWARDENA,SEP,2
Ratnapura,OSHALA HERATH,NIF,1
Kegalle,AKMEEMANA DAYARATHANA THERO,IND1,16
Kegalle,ABUBAKAR MOHAMED INFAS,DUA,4
Kegalle,SIRIPALA AMARASINGHE,IND2,9
Kegalle,K.K. PIYADASA,IND4,24
Kegalle,SARATH KEERTHIRATHNA,IND5,8
Kegalle,K.A. KULARATNA,IND6,4
Kegalle,K.R. KRISHAN,APP,3
Kegalle,PALLIMULLA KAPUGAMAGE ANURA SIDNEY JAYARATHNA,IND7,2
Kegalle,DILITH JAYAWEERA,SLCP,182
Kegalle,SIRITUNGA JAYASURIYA,USP,5
Kegalle,MYLVAGANAM THILAKARAJAH,IND8,0
Kegalle,AGAMPODI PRASANGA SURANJEEWA ANOJ DE SILVA,DUNF,45
Kegalle,LALITH DE SILVA,UNFF,6
Kegalle,AJANTHA DE ZOYSA,RJA,9
Kegalle,ANURA KUMARA DISSANAYAKE,NPP,20062
Kegalle,MAHINDA DEWAGE,SLSP,6
Kegalle,ARIYANETHIRAN PAKKIYASELVAM,IND9,7
Kegalle,VICTOR PERERA,IND10,7
Kegalle,ANURUDDHA POLGAMPALA,IND11,8
Kegalle,SAJITH PREMADASA,SJB,5604
Kegalle,SARATH FONSEKA,IND12,27
Kegalle,DISSANAYAKA MUDIYANSELAGE BANDARANAYAKE,IND13,28
Kegalle,SARATH BANDARANAYAKE,NDF,4
Kegalle,BATHTHARAMULLE SEELARATHANA THERO,JSP,5
Kegalle,NUWAN BOPEGE,SPF,35
Kegalle,SARATH MANAMENDRA,NSU,3
Kegalle,PEMASIRI MANAGE,IND14,3
Kegalle,ANURUDDHA ROSHAN RANASINGHE,IND15,6
Kegalle,JANAKA RATNAYAKE,ELPP,4
Kegalle,NAMAL RAJAPAKSHA,SBP,31
Kegalle,NAMAL RAJAPAKSA,SLPP,482
Kegalle,WIJEYADASA RAJAPAKSHE,JPF,19
Kegalle,A.S.P. LIYANAGE,SLLP,0
Kegalle,KEERTHIE WICKRAMARATNE,AJP,5
Kegalle,PRIYANTHA WICKRAMASINGHE,NSSP,9
Kegalle,RANIL WICKREMESINGHE,IND16,7229
Kegalle,PANI WIJESIRIWARDENA,SEP,2
Kegalle,OSHALA HERATH,NIF,1
